תאריך הדפסה as400,שעת הדפסה AS400,קו אריזה,תעודת אריזה,TXT5,מיקום,קוד יעד,הערה
160307,85308,5,288892100,מריומ,  בחוץ,1,                                        
160307,141042,2,288892200,אורבך,R-0505,1,                                        
160307,141048,2,288892300,לתריס,B-0702,1,                                        
160307,141334,2,288892400,טוינה,A-0405,1,                                        
160307,141342,2,288892500,טוינה,A-0405,1,                                        
160307,141357,2,288892600,טוינה,A-0405,1,                                        
160307,141412,2,288892700,טוינה,A-0405,1,                                        
160307,141435,2,288892800,טוינה,A-0405,1,                                        
160307,142129,2,288892900,טוינה,  בחוץ,1,                                        
160307,142141,2,288893000,טוינה,  בחוץ,1,                                        
160307,142155,2,288893100,טוינה,  בחוץ,1,                                        
160307,143900,2,288893200,טוינה,A-0405,1,                                        
160307,143909,2,288893300,טוינה,A-0405,1,                                        
160307,143929,2,288893400,טוינה,A-0405,1,                                        
160307,143939,2,288893500,טוינה,A-0405,1,                                        
160307,144009,2,288893600,טוינה,A-0405,1,                                        
160307,144017,2,288893700,טוינה,A-0405,1,                                        
160307,144034,2,288893800,טוינה,A-0405,1,                                        
160307,144041,2,288893900,טוינה,A-0405,1,                                        
160307,144059,2,288894000,טוינה,A-0405,1,                                        
160307,144135,2,288894100,טוינה,A-0405,1,                                        
160307,144219,2,288894200,טוינה,A-0405,1,                                        
160307,144230,2,288894300,טוינה,A-0405,1,                                        
160307,144432,2,288894400,טוינה,A-0405,1,                                        
160307,144444,2,288894500,טוינה,A-0405,1,                                        
160307,144538,2,288894600,אורבך,R-0505,1,                                        
160307,144605,1,288894700, מלאי,  מלאי,1,                                        
160307,144740,2,288894800,קאלמא,  בחוץ,1,                                        
160307,144746,2,288894900,  פ.ה,  בחוץ,1,                                        
160307,144808,2,288895000,אורבך,A-0905,1,                                        
160307,144821,2,288895100,אורבך,R-0505,1,                                        
160307,145012,2,288895200,לתריס,B-0702,1,                                        
160307,145020,2,288895300,אורבך,R-0505,1,                                        
160307,145040,2,288895400,  פ.ה,  בחוץ,1,                                        
160307,145102,2,288895500,אורבך,R-0505,1,                                        
160307,145119,2,288895600,לב פת,B-1101,1,                                        
160307,145128,2,288895700,רעננה,A-0601,1,                                        
160307,145143,2,288895800,קאלמא,B-0501,1,                                        
160307,145152,2,288895900,אלומל,  בחוץ,1,                                        
160307,145201,2,288896000, אזור,B-0302,1,                                        
160307,145208,2,288896100,אלומל,B-0601,16,                                        
160307,145219,2,288896200,לתריס,  בחוץ,1,                                        
160307,145226,2,288896300,אורבך,  בחוץ,1,                                        
160307,145234,2,288896400,אלומל,  בחוץ,16,                                        
160307,145241,2,288896500,כל קל,A-1601,1,                                        
160307,145246,2,288896600, מלאי,  מלאי,2,                                        
160307,155425,1,288896700,מ.יעד,  בחוץ,1,                                        
160307,155949,2,288896800,לב פת,B-1101,1,                                        
160307,155958,2,288896900,טוינה,A-0301,1,                                        
160307,160018,2,288897000,טוינה,A-0301,1,                                        
160307,160032,2,288897100,טוינה,  בחוץ,1,                                        
160307,160050,2,288897200, איטח,  בחוץ,1,                                        
160307,160105,2,288897300,טוינה,  בחוץ,1,                                        
160307,160113,2,288897400, מלאי,  מלאי,2,                                        
160307,160253,2,288897500, מלאי,  מלאי,2,                                        
160307,160305,2,288897600,אלומל,A-0701,1,                                        
160307,160319,2,288897700, איטח,  בחוץ,1,                                        
160307,160445,2,288897800, גולד,  בחוץ,1,                                        
160307,160450,2,288897900, מלאי,  מלאי,2,                                        
160307,160525,2,288898000,רומקל,A-1001,1,                                        
160307,160539,2,288898100,אורבך,A-1202,1,                                        
160307,160628,2,288898200,  צפי,A-0903,1,                                        
160307,160637,2,288898300, גולד,A-1201,1,                                        
160307,160646,2,288898400,אלומל,  בחוץ,1,                                        
160307,160702,2,288898500,אלומל,B-0601,16,                                        
160307,160710,2,288898600, איטח,  בחוץ,1,                                        
160307,160719,2,288898700,כל קל,A-1601,1,                                        
160307,160724,2,288898800, מלאי,  מלאי,2,                                        
160307,160805,2,288898900,רעננה,A-0601,1,                                        
160307,160814,2,288899000,רומקל,A-1001,1,                                        
160307,160859,2,288899100,אורבך,A-1202,1,                                        
160307,160913,2,288899200, גולד,A-1201,1,                                        
160307,160923,2,288899300,קאלמא,B-0501,1,                                        
160307,160932,2,288899400,אלומל,  בחוץ,1,                                        
160307,160940,2,288899500,אלומל,B-0601,16,                                        
160307,160948,2,288899600, איטח,  בחוץ,1,                                        
160307,160955,2,288899700, גולד,  בחוץ,1,                                        
160307,161003,2,288899800,כל קל,A-1601,1,                                        
160307,161007,2,288899900, מלאי,  מלאי,2,                                        
160307,161019,2,288900000,  צפי,  בחוץ,1,                                        
160307,163713,1,288900100,טרליד,  בחוץ,1,                                        
160307,170116,1,288900200,טרליד,  בחוץ,1,                                        
160307,172324,2,288900300,אלומל,A-0701,1,                                        
160307,172348,2,288900400, איטח,  בחוץ,1,                                        
160307,172406,2,288900500, איטח,A-0601,1,                                        
160307,172422,2,288900600, איטח,  בחוץ,1,                                        
160307,172429,2,288900700, איטח,  בחוץ,1,                                        
160307,172855,1,288900800,טרליד,  בחוץ,1,                                        
160307,183645,1,288900900,טרליד,  בחוץ,1,                                        
160307,183851,1,288901000,טרליד,  בחוץ,1,                                        
160307,184114,1,288901100, מלאי,  מלאי,14,                                        
160307,190108,1,288901200, .א.ת,C-2727,16,                                        
160307,190416,1,288901300, מלאי,  מלאי,14,                                        
160307,190424,1,288901400, מלאי,  מלאי,1,                                        
160307,191927,1,288901500,מריומ,  בחוץ,1,                                        
160307,193310,1,288901600,מריומ,  בחוץ,1,                                        
160307,193858,1,288901700, מלאי,  מלאי,14,                                        
160307,194115,1,288901800, מלאי,  מלאי,14,                                        
160307,200920,2,288901900, איטח,A-0805,1,                                        
160307,200936,2,288902000, גולד,B-0503,1,                                        
160307,200944,2,288902100, גולד,B-0503,1,                                        
160307,201000,2,288902200, אזור,B-0302,1,                                        
160307,201013,2,288902300, אזור,B-0302,1,                                        
160307,201032,2,288902400,לב פת,B-1101,1,                                        
160307,201042,2,288902500,רומקל,A-1001,1,                                        
160307,201102,2,288902600,אורבך,  בחוץ,1,                                        
160307,201108,2,288902700,קאלמא,B-0501,1,                                        
160307,201356,1,288902800, מלאי,  מלאי,1,                                        
160307,203108,1,288902900, ירכא,C-1001,54,                                        
160307,203521,1,288903000, מלאי,  מלאי,1,                                        
160307,203847,2,288903100,רעננה,A-0601,1,                                        
160307,203852,2,288903200,  צפי,A-0903,1,                                        
160307,203908,2,288903300,אלומל,B-0805,1,                                        
160307,203915,2,288903400, מלאי,  מלאי,2,                                        
160307,204001,2,288903500,רעננה,A-0601,1,                                        
160307,204007,2,288903600, מלאי,  מלאי,2,                                        
160307,204722,1,288903700, מלאי,  מלאי,1,                                        
160307,205221,2,288903800,קאלמא,B-0501,1,                                        
160307,205226,2,288903900,אלומל,  בחוץ,16,                                        
160307,205557,1,288904000, .א.ת,C-2727,16,                                        
160307,205823,2,288904100,רעננה,A-0601,1,                                        
160307,205839,2,288904200,אורבך,A-1202,1,                                        
160307,205847,2,288904300,  צפי,A-0903,1,                                        
160307,205854,2,288904400,אלומל,B-0805,1,                                        
160307,205859,2,288904500, מלאי,  מלאי,2,                                        
160307,205924,1,288904600,אלומל,  בחוץ,16,                                        
160307,210204,1,288904700, סנטר,C-4444,10,                                        
160307,210439,1,288904800,אלומל,  בחוץ,1,                                        
160307,210503,2,288904900, אזור,B-0302,1,                                        
160307,210509,2,288905000, מלאי,  מלאי,2,                                        
160307,210520,2,288905100,  שפר,A-1001,1,                                        
160307,210549,2,288905200, איטח,A-0805,1,                                        
160307,210558,2,288905300,אורבך,A-1202,1,                                        
160307,210607,2,288905400, גולד,A-1201,1,                                        
160307,210616,2,288905500,אלומל,  בחוץ,16,                                        
160307,210625,2,288905600,אלומל,B-0805,1,                                        
160307,210634,2,288905700,אלומל,B-0601,16,                                        
160307,210641,2,288905800, איטח,B-0504,1,                                        
160307,210651,2,288905900,כל קל,A-1601,1,                                        
160307,212138,1,288906000, מלאי,  מלאי,1,                                        
160307,212731,1,288906100, מלאי,  מלאי,1,                                        
160307,213428,1,288906200, מלאי,  מלאי,0,                                        
160307,220605,2,288906300,  צפי,A-0903,1,                                        
160307,220608,5,288906400,לוי.ש,  בחוץ,1,                                        
160307,220623,2,288906500,אורבך,A-1202,1,                                        
160307,220637,2,288906600, גולד,A-1201,1,                                        
160307,220651,2,288906700,קאלמא,B-0501,1,                                        
160307,220705,2,288906800,אלומל,B-0601,16,                                        
160307,220718,2,288906900, איטח,B-0504,1,                                        
160307,220725,2,288907000,כל קל,A-1601,1,                                        
160307,220835,2,288907100,אורבך,A-1202,1,                                        
160307,220856,2,288907200,קאלמא,B-0501,1,                                        
160307,220910,2,288907300,אלומל,B-0601,16,                                        
160307,220925,2,288907400, איטח,B-0504,1,                                        
160307,220933,2,288907500,כל קל,A-1601,1,                                        
160307,221004,1,288907600, גלרן,D-4242,1,                                        
160307,221023,2,288907700,לתריס,B-0702,1,                                        
160307,221038,2,288907800,לב פת,B-1101,1,                                        
160307,221051,2,288907900,רומקל,A-1001,1,                                        
160307,221206,2,288908000,אורבך,B-0503,1,                                        
160307,221218,2,288908100, איטח,A-0805,1,                                        
160307,221233,2,288908200, גולד,A-1201,1,                                        
160307,221247,2,288908300,קאלמא,B-0501,1,                                        
160307,221302,2,288908400,אלומל,B-0805,1,                                        
160307,221316,2,288908500,לתריס,B-0405,1,                                        
160307,221330,2,288908600, איטח,B-0504,1,                                        
160307,221337,2,288908700, מלאי,  מלאי,2,                                        
160307,221656,2,288908800, אזור,A-0302,1,                                        
160307,221703,2,288908900, מלאי,  מלאי,2,                                        
160307,222355,1,288909000, מלאי,  מלאי,1,                                        
160307,222645,5,288909100, מלאי,  מלאי,1,                                        
160307,222740,5,288909200,לתריס,  בחוץ,7,                                        
160307,222752,5,288909300, מלאי,  מלאי,1,                                        
160307,222858,1,288909400,  נאה,D-1101,1,                                        
160307,231349,2,288909500,טוינה,A-0301,1,                                        
160307,231408,2,288909600,טוינה,G-1201,1,                                        
160307,231416,2,288909700, מלאי,  מלאי,2,                                        
160307,234351,1,288909800, מלאי,  מלאי,1,                                        
160307,234944,2,288909900, מלאי,  מלאי,2,                                        
160307,234959,2,288910000,  שפר,A-0901,1,                                        
160307,235015,2,288910100, איטח,B-0201,1,                                        
160307,235031,2,288910200, איטח,B-0201,1,                                        
160307,235048,2,288910300,רעננה,A-0601,1,                                        
160307,235104,2,288910400, איטח,B-0201,1,                                        
160307,235121,2,288910500,אורבך,B-0302,1,                                        
160307,235138,2,288910600,רעננה,A-0601,1,                                        
160307,235153,2,288910700, איטח,B-0201,1,                                        
160307,235208,2,288910800,רעננה,A-0601,1,                                        
160307,235229,2,288910900,אורבך,B-0302,1,                                        
160307,235241,2,288911000,  צפי,B-0701,1,                                        
160307,235254,2,288911100,לתריס,  בחוץ,1,                                        
160307,235309,2,288911200,קאלמא,B-1102,1,                                        
160307,235316,2,288911300,צ.ח.י,  בחוץ,1,                                        
160307,235335,2,288911400,אורבך,B-0302,1,                                        
160307,235343,2,288911500, גולד,B-0503,1,                                        
160307,235357,2,288911600,רעננה,A-0601,1,                                        
160307,235412,2,288911700,רעננה,A-0601,1,                                        
160307,235428,2,288911800,רעננה,A-0601,1,                                        
160307,235450,2,288911900,אורבך,B-0302,1,                                        
160307,235458,2,288912000,  צפי,B-0701,1,                                        
160307,235848,2,288912100, אזור,A-0302,1,                                        
160307,235855,2,288912200,אלומל,B-0505,16,                                        
160307,235926,2,288912300,רומקל,A-1001,1,                                        
160307,235948,2,288912400,רומקל,A-1001,1,                                        
160307,235955,2,288912500, איטח,B-0201,1,                                        
160308,101,1,288912600, מלאי,  מלאי,14,                                        
160308,220,2,288912700,אורבך,R-0505,1,                                        
160308,233,2,288912800,רומקל,A-1001,1,                                        
160308,240,2,288912900, איטח,B-0201,1,                                        
160308,301,2,288913000,קאלמא,B-1102,1,                                        
160308,309,2,288913100,לתריס,B-0405,1,                                        
160308,324,2,288913200,אלומל,B-0601,16,                                        
160308,344,2,288913300,לב פת,  בחוץ,1,                                        
160308,357,2,288913400,קאלמא,B-1102,1,                                        
160308,404,2,288913500,אלומל,  בחוץ,1,                                        
160308,427,2,288913600,אורבך,B-0302,1,                                        
160308,433,2,288913700,אלומל,B-0601,16,                                        
160308,447,2,288913800,  פ.ה,A-0904,1,                                        
160308,506,2,288913900,אלומל,B-1101,1,                                        
160308,512,2,288914000,אלומל,  בחוץ,1,                                        
160308,532,2,288914100,  צפי,B-0701,1,                                        
160308,545,2,288914200,  צפי,B-0701,1,                                        
160308,551,2,288914300,אלומל,B-0601,16,                                        
160308,612,2,288914400,אורבך,B-0302,1,                                        
160308,625,2,288914500,  צפי,B-0701,1,                                        
160308,632,2,288914600,אלומל,B-0601,16,                                        
160308,652,2,288914700,אורבך,B-0302,1,                                        
160308,705,2,288914800,  צפי,B-0701,1,                                        
160308,714,2,288914900,אלומל,B-0601,16,                                        
160308,732,2,288915000,אורבך,B-0302,1,                                        
160308,748,2,288915100, גולד,B-0301,1,                                        
160308,811,2,288915200, גולד,B-0301,1,                                        
160308,819,2,288915300,אלומל,B-0601,16,                                        
160308,918,2,288915400,פלטוב,  בחוץ,1,                                        
160308,935,2,288915500, איטח,B-0201,1,                                        
160308,956,2,288915600, גולד,B-0301,1,                                        
160308,1003,2,288915700,אלומל,B-0601,16,                                        
160308,1027,2,288915800,אורבך,B-0302,1,                                        
160308,1035,2,288915900,  צפי,B-0701,1,                                        
160308,1055,2,288916000,לב פת,B-1001,1,                                        
160308,1103,2,288916100,  צפי,B-0701,1,                                        
160308,1119,2,288916200,  צפי,B-0701,1,                                        
160308,1140,2,288916300,רעננה,A-0601,1,                                        
160308,1153,2,288916400, איטח,A-0805,1,                                        
160308,1206,2,288916500,אורבך,B-0302,1,                                        
160308,1217,2,288916600,  צפי,B-0701,1,                                        
160308,1230,2,288916700,אלומל,B-1101,1,                                        
160308,1237,2,288916800,אלומל,B-0601,16,                                        
160308,1255,2,288916900,לב פת,B-1001,1,                                        
160308,1312,2,288917000,אלומל,B-1101,1,                                        
160308,1327,2,288917100, גולד,B-0503,1,                                        
160308,1342,2,288917200,אלומל,B-1101,1,                                        
160308,1358,2,288917300,רעננה,A-0601,1,                                        
160308,1412,2,288917400, איטח,B-0201,1,                                        
160308,1432,2,288917500,לב פת,B-1001,1,                                        
160308,1445,2,288917600,רומקל,A-1001,1,                                        
160308,1457,2,288917700,אורבך,B-0503,1,                                        
160308,1507,2,288917800, איטח,A-0805,1,                                        
160308,1520,2,288917900, גולד,B-0301,1,                                        
160308,1532,2,288918000,קאלמא,B-1102,1,                                        
160308,1543,2,288918100,אלומל,B-1101,1,                                        
160308,1549,2,288918200,לתריס,B-0405,1,                                        
160308,1603,2,288918300, גולד,  בחוץ,1,                                        
160308,1630,2,288918400,  פ.ה,  בחוץ,1,                                        
160308,1643,2,288918500,  צפי,  בחוץ,1,                                        
160308,1656,2,288918600,אורבך,A-0802,1,                                        
160308,1709,2,288918700,רומקל,A-1001,1,                                        
160308,1747,2,288918800, גולד,B-0301,1,                                        
160308,1800,2,288918900,אלומל,B-0502,16,                                        
160308,1813,2,288919000,אלומל,B-1101,1,                                        
160308,1820,2,288919100, איטח,B-0201,1,                                        
160308,2010,2,288919200,רומקל,A-1001,1,                                        
160308,2030,2,288919300, איטח,A-0805,1,                                        
160308,2041,2,288919400,אורבך,B-0302,1,                                        
160308,2051,2,288919500, גולד,B-0301,1,                                        
160308,2102,2,288919600,אלומל,B-1101,1,                                        
160308,2112,2,288919700,אלומל,B-0601,16,                                        
160308,2122,2,288919800,אלומל,B-0601,16,                                        
160308,2133,2,288919900, איטח,B-0201,1,                                        
160308,2138,2,288920000,כל קל,A-1601,1,                                        
160308,2740,1,288920100, מלאי,  מלאי,1,                                        
160308,3049,1,288920200, מלאי,  מלאי,14,                                        
160308,4712,1,288920300, מלאי,  מלאי,14,                                        
160308,10316,1,288920400, מלאי,  מלאי,1,                                        
160308,10351,1,288920500, מלאי,  מלאי,14,                                        
160308,10412,1,288920600, גלרן,  בחוץ,1,                                        
160308,11805,1,288920700, מלאי,  מלאי,1,                                        
160308,12821,1,288920800, מלאי,  מלאי,1,                                        
160308,14526,1,288920900, מלאי,  מלאי,1,                                        
160308,25718,1,288921000, מלאי,  מלאי,14,                                        
160308,30451,2,288921100, איטח,A-0805,1,                                        
160308,30507,2,288921200,  צפי,B-0701,1,                                        
160308,30522,2,288921300,אלומל,B-0601,16,                                        
160308,30549,2,288921400,כל קל,A-1601,1,                                        
160308,30627,2,288921500,רומקל,A-1001,1,                                        
160308,30651,2,288921600, גולד,B-0301,1,                                        
160308,30720,2,288921700,אלומל,B-1101,1,                                        
160308,30728,2,288921800, איטח,B-0201,1,                                        
160308,30754,2,288921900,קאלמא,B-1102,1,                                        
160308,30800,2,288922000, מלאי,  מלאי,2,                                        
160308,30823,2,288922100,לב פת,B-1001,1,                                        
160308,30836,2,288922200,רומקל,A-1001,1,                                        
160308,30849,2,288922300,  צפי,B-0701,1,                                        
160308,30902,2,288922400, גולד,B-0301,1,                                        
160308,30915,2,288922500,אלומל,B-0502,16,                                        
160308,30929,2,288922600,אלומל,B-1101,1,                                        
160308,30936,2,288922700, איטח,B-0201,1,                                        
160308,30953,2,288922800,רעננה,A-0601,1,                                        
160308,31013,2,288922900,לב פת,B-1001,1,                                        
160308,31115,2,288923000,רומקל,A-1001,1,                                        
160308,31127,2,288923100, איטח,A-0805,1,                                        
160308,31144,2,288923200,  צפי,B-0701,1,                                        
160308,31156,2,288923300, גולד,B-0301,1,                                        
160308,31204,2,288923400,קאלמא,B-1102,1,                                        
160308,31648,1,288923500, מלאי,  מלאי,1,                                        
160308,33709,2,288923600,קאלמא,B-1102,1,                                        
160308,33717,2,288923700,אלומל,B-1101,1,                                        
160308,33741,2,288923800,רומקל,A-1001,1,                                        
160308,33757,2,288923900,  צפי,B-0701,1,                                        
160308,33811,2,288924000,אלומל,B-1101,1,                                        
160308,33825,2,288924100, איטח,B-0201,1,                                        
160308,33839,2,288924200,כל קל,A-1601,1,                                        
160308,33845,2,288924300, מלאי,  מלאי,2,                                        
160308,34343,1,288924400,טרליד,  בחוץ,1,                                        
160308,35710,2,288924500,אלומל,B-0601,16,                                        
160308,35722,2,288924600, איטח,B-0201,1,                                        
160308,35729,2,288924700, מלאי,  מלאי,2,                                        
160308,35750,2,288924800, גולד,B-0301,1,                                        
160308,35804,2,288924900, איטח,B-0201,1,                                        
160308,35812,2,288925000, גולד,B-0503,1,                                        
160308,35842,2,288925100,לתריס,A-0902,1,                                        
160308,35903,2,288925200,רומקל,A-1001,1,                                        
160308,35917,2,288925300, איטח,A-0805,1,                                        
160308,35930,2,288925400, גולד,B-0301,1,                                        
160308,35945,2,288925500,אלומל,B-1101,1,                                        
160308,35959,2,288925600, איטח,B-0201,1,                                        
160308,40019,2,288925700, מלאי,  מלאי,2,                                        
160308,40041,2,288925800,אורבך,B-0503,1,                                        
160308,40055,2,288925900,אורבך,B-0302,1,                                        
160308,40109,2,288926000,קאלמא,B-1102,1,                                        
160308,40116,2,288926100,אלומל,B-0502,16,                                        
160308,40138,2,288926200,  צפי,B-0701,1,                                        
160308,40206,2,288926300,לב פת,B-1001,1,                                        
160308,40215,2,288926400,רעננה,A-0601,1,                                        
160308,40230,2,288926500,אלומל,B-0403,1,                                        
160308,40254,2,288926600,לב פת,B-1001,1,                                        
160308,40306,2,288926700,אורבך,B-0302,1,                                        
160308,40317,2,288926800,  צפי,B-0701,1,                                        
160308,40338,2,288926900,רעננה,A-0601,1,                                        
160308,40344,2,288927000,  צפי,B-0701,1,                                        
160308,40406,2,288927100,רעננה,A-0601,1,                                        
160308,41105,1,288927200,טרליד,  בחוץ,1,                                        
160308,44117,2,288927300, גולד,B-0503,1,                                        
160308,44129,2,288927400,  צפי,B-0701,1,                                        
160308,44145,2,288927500, גולד,B-0503,1,                                        
160308,44209,2,288927600,רומקל,A-1001,1,                                        
160308,44227,2,288927700, איטח,B-0201,1,                                        
160308,44246,2,288927800,רומקל,A-1001,1,                                        
160308,44254,2,288927900, איטח,B-0201,1,                                        
160308,44319,2,288928000,לב פת,B-1001,1,                                        
160308,44327,2,288928100,אלומל,B-0601,16,                                        
160308,44348,2,288928200,רומקל,A-1001,1,                                        
160308,44404,2,288928300,אלומל,B-0601,16,                                        
160308,44446,2,288928400, גולד,B-0301,1,                                        
160308,44508,2,288928500,אלומל,B-0601,16,                                        
160308,44514,2,288928600, איטח,B-0201,1,                                        
160308,44530,2,288928700,אלומל,B-0601,16,                                        
160308,50035,1,288928800,טרליד,  בחוץ,1,                                        
160308,50503,2,288928900, גולד,B-0301,1,                                        
160308,50519,2,288929000, גולד,B-0301,1,                                        
160308,50532,2,288929100,אלומל,B-1101,1,                                        
160308,50540,2,288929200,אלומל,B-0601,16,                                        
160308,50603,2,288929300, גולד,B-0301,1,                                        
160308,50647,2,288929400,אלומל,B-1101,1,                                        
160308,50710,2,288929500,לב פת,B-1001,1,                                        
160308,50725,2,288929600,אורבך,B-0302,1,                                        
160308,50739,2,288929700,  צפי,B-0701,1,                                        
160308,50752,2,288929800,אלומל,B-1101,1,                                        
160308,50808,2,288929900,לתריס,B-0405,1,                                        
160308,50817,2,288930000, איטח,B-0201,1,                                        
160308,51355,1,288930100, חגית,  בחוץ,1,                                        
160308,52402,1,288930200, מלאי,  מלאי,1,                                        
160308,52522,2,288930300,לב פת,B-1001,1,                                        
160308,52532,2,288930400,אורבך,B-0302,1,                                        
160308,52548,2,288930500,רומקל,A-1001,1,                                        
160308,52608,2,288930600,רומקל,A-1001,1,                                        
160308,52630,2,288930700,רומקל,A-1001,1,                                        
160308,52638,2,288930800,אלומל,B-1101,1,                                        
160308,53511,1,288930900, מלאי,  מלאי,14,                                        
160308,53833,1,288931000, סנטר,C-4444,10,                                        
160308,54033,1,288931100, מלאי,  מלאי,1,                                        
160308,60435,2,288931200,אלומל,B-1101,1,                                        
160308,60442,2,288931300,צ.ח.י,A-0801,1,                                        
160308,60454,2,288931400, מלאי,  מלאי,2,                                        
160308,60503,2,288931500, איטח,A-0805,1,                                        
160308,60514,2,288931600,אלומל,B-0601,16,                                        
160308,60532,2,288931700,אורבך,B-0302,1,                                        
160308,60609,2,288931800,  צפי,B-0701,1,                                        
160308,60621,2,288931900, גולד,A-0403,1,                                        
160308,60702,2,288932000,לב פת,B-1001,1,                                        
160308,60729,2,288932100, איטח,A-1101,1,                                        
160308,60748,2,288932200, איטח,A-1101,1,                                        
160308,60808,2,288932300, איטח,A-1101,1,                                        
160308,60817,2,288932400, איטח,A-0404,1,                                        
160308,60822,2,288932500, גולד,A-0504,1,                                        
160308,60838,2,288932600,לב פת,B-1001,1,                                        
160308,60844,2,288932700,אורבך,B-0302,1,                                        
160308,60852,2,288932800,  צפי,B-0701,1,                                        
160308,60904,2,288932900,  צפי,B-0701,1,                                        
160308,60911,2,288933000, גולד,B-0301,1,                                        
160308,60918,2,288933100,אלומל,B-1101,1,                                        
160308,60925,2,288933200,אלומל,B-0601,16,                                        
160308,60931,2,288933300, איטח,B-0201,1,                                        
160308,60938,2,288933400, גולד,A-0403,1,                                        
160308,60947,2,288933500,כל קל,A-1601,1,                                        
160308,60956,2,288933600, מלאי,  מלאי,2,                                        
160308,61008,1,288933700,עמי.ת,C-0701,10,                                        
160308,61253,1,288933800,עמי.ת,D-3838,10,                                        
160308,62444,1,288933900, מלאי,  מלאי,1,                                        
160308,63142,1,288934000, מלאי,  מלאי,14,                                        
160308,64732,1,288934100, מלאי,  מלאי,14,                                        
160308,65318,1,288934200, מלאי,  מלאי,14,                                        
160308,65924,2,288934300, אזור,A-0302,1,                                        
160308,70807,1,288934400, .א.ת,C-2727,16,                                        
160308,71208,1,288934500,  נאה,D-1101,1,                                        
160308,71808,1,288934600, מלאי,  מלאי,1,                                        
160308,73439,3,288934700,רעננה,B-1603,1,                                        
160308,73454,3,288934800,רעננה,B-1603,1,                                        
160308,73539,3,288934900, איטח,  בחוץ,1,                                        
160308,73706,3,288935000,רעננה,B-1603,1,                                        
160308,73717,3,288935100,רעננה,B-1603,1,                                        
160308,73736,3,288935200,רעננה,B-1603,1,                                        
160308,73756,3,288935300,אלומל,  בחוץ,1,                                        
160308,73825,3,288935400,רעננה,B-1603,1,                                        
160308,73839,3,288935500,אלומל,  בחוץ,1,                                        
160308,73857,3,288935600,רעננה,B-1603,1,                                        
160308,73911,3,288935700,רעננה,B-1603,1,                                        
160308,73926,3,288935800,רעננה,B-1603,1,                                        
160308,73941,3,288935900,רעננה,B-1603,1,                                        
160308,74027,3,288936100,רעננה,B-1603,1,                                        
160308,74043,3,288936200,רעננה,B-1603,1,                                        
160308,74049,1,288936300, מלאי,  מלאי,14,                                        
160308,74057,3,288936400,רעננה,B-1603,1,                                        
160308,80548,3,288936500,קאלמא,  בחוץ,1,                                        
160308,80556,3,288936600,רעננה,B-1603,1,                                        
160308,80611,3,288936700,רעננה,B-1603,1,                                        
160308,80638,3,288936800,רעננה,B-1603,1,                                        
160308,80646,3,288936900,צ.ח.י,  בחוץ,1,                                        
160308,80715,3,288937000,רעננה,B-1603,1,                                        
160308,80734,3,288937100,רעננה,B-1603,1,                                        
160308,80750,3,288937200,רעננה,B-1603,1,                                        
160308,80818,1,288937300, מלאי,  מלאי,1,                                        
160308,80842,3,288937400,רעננה,B-1603,1,                                        
160308,80857,3,288937500,רעננה,B-1603,1,                                        
160308,80911,3,288937600,רעננה,B-1603,1,                                        
160308,80924,3,288937700, איטח,  בחוץ,1,                                        
160308,80946,3,288937800, איטח,  בחוץ,1,                                        
160308,81001,3,288937900,רעננה,B-1603,1,                                        
160308,81024,3,288938000,רעננה,B-1603,1,                                        
160308,81033,3,288938100,רעננה,B-1603,1,                                        
160308,81050,3,288938200,רעננה,B-1603,1,                                        
160308,81103,3,288938300, איטח,  בחוץ,1,                                        
160308,81116,3,288938400,רעננה,B-1603,1,                                        
160308,81129,3,288938500,רעננה,B-1603,1,                                        
160308,81142,3,288938600,רעננה,B-1603,1,                                        
160308,81157,3,288938700,אלומל,  בחוץ,1,                                        
160308,81216,3,288938800,רעננה,B-1603,1,                                        
160308,81229,3,288938900,רעננה,B-1603,1,                                        
160308,81248,3,288939000,רעננה,B-1603,1,                                        
160308,81300,3,288939100,רעננה,B-1603,1,                                        
160308,81312,3,288939200,רעננה,B-1603,1,                                        
160308,81340,3,288939300,אלומל,  בחוץ,1,                                        
160308,81353,3,288939400,אלומל,  בחוץ,1,                                        
160308,81405,3,288939500,רעננה,B-1603,1,                                        
160308,81456,2,288939600,.מחסן,  בחוץ,16,                                        
160308,81504,2,288939700,אורבך,B-0302,1,                                        
160308,81555,2,288939800,כל קל,A-1601,1,                                        
160308,81600,2,288939900, מלאי,  מלאי,2,                                        
160308,81627,1,288940000, מלאי,  מלאי,0,                                        
160308,81650,2,288940100,אורבך,B-0302,1,                                        
160308,81705,2,288940200,אלומל,B-0601,16,                                        
160308,81710,2,288940300, איטח,B-0201,1,                                        
160308,81746,2,288940400,אלומל,B-0601,16,                                        
160308,81858,2,288940500, מלאי,  מלאי,2,                                        
160308,81912,2,288940600,רעננה,A-0601,1,                                        
160308,81920,2,288940700,אורבך,B-0302,1,                                        
160308,81937,2,288940800, אזור,A-0302,1,                                        
160308,81951,2,288940900,לתריס,  בחוץ,1,                                        
160308,82028,2,288941000,אורבך,B-0302,1,                                        
160308,82033,2,288941100, גולד,B-0301,1,                                        
160308,82057,2,288941200,אלומל,B-0601,16,                                        
160308,82102,2,288941300,כל קל,A-1601,1,                                        
160308,82118,2,288941400,אורבך,B-0302,1,                                        
160308,82124,2,288941500,  פ.ה,A-0904,1,                                        
160308,82136,2,288941600,אלומל,B-0601,16,                                        
160308,82141,2,288941700, איטח,B-0201,1,                                        
160308,82221,1,288941800,עמי.ת,D-1401,14,                                        
160308,82247,2,288941900,קאלמא,B-1102,1,                                        
160308,82320,2,288942000, מלאי,  מלאי,2,                                        
160308,82456,2,288942100,אורבך,B-0503,1,                                        
160308,82503,2,288942200,רעננה,A-0601,1,                                        
160308,82519,2,288942300,רעננה,A-0601,1,                                        
160308,82550,2,288942400,לב פת,B-1001,1,                                        
160308,82558,2,288942500,לתריס,B-0405,1,                                        
160308,82624,2,288942600,אורבך,B-0302,1,                                        
160308,82632,2,288942700,לב פת,B-1001,1,                                        
160308,82650,2,288942800, איטח,B-0201,1,                                        
160308,82703,2,288942900, איטח,B-0201,1,                                        
160308,82720,2,288943000, איטח,A-0805,1,                                        
160308,82731,2,288943100,אורבך,R-0505,1,                                        
160308,82752,2,288943200,לב פת,B-1001,1,                                        
160308,82806,2,288943300,אורבך,B-0302,1,                                        
160308,82900,2,288943400,אורבך,B-0302,1,                                        
160308,82908,2,288943500,רעננה,A-0601,1,                                        
160308,82926,2,288943600,רעננה,A-0601,1,                                        
160308,82935,2,288943700,אורבך,B-0302,1,                                        
160308,82953,2,288943800,  צפי,B-0701,1,                                        
160308,83028,2,288943900, גולד,A-0403,1,                                        
160308,83203,1,288944000,עמי.ת,D-1401,14,                                        
160308,83459,1,288944100, מלאי,  מלאי,0,                                        
160308,83841,1,288944200, רביד,D-3232,55,                                        
160308,84429,2,288944400,רעננה,A-0601,1,                                        
160308,84437,2,288944500,רעננה,A-0601,1,                                        
160308,84453,2,288944600, אזור,A-0302,1,                                        
160308,84504,2,288944700,אורבך,B-0302,1,                                        
160308,84515,2,288944800,אלומל,B-0601,16,                                        
160308,84538,2,288944900, איטח,B-0201,1,                                        
160308,84545,2,288945000, איטח,B-0201,1,                                        
160308,84559,2,288945100,רעננה,A-0601,1,                                        
160308,84612,2,288945200,כל קל,  בחוץ,1,                                        
160308,84618,2,288945300,אלומל,B-0601,16,                                        
160308,84633,2,288945400, גולד,B-0301,1,                                        
160308,84643,2,288945500,אלומל,B-1101,1,                                        
160308,84657,2,288945600, גולד,B-0301,1,                                        
160308,84727,2,288945700,אלומל,B-1101,1,                                        
160308,84732,2,288945800,אלומל,B-0601,16,                                        
160308,84751,2,288945900,אלומל,B-0601,16,                                        
160308,84829,2,288946000,קאלמא,B-1102,1,                                        
160308,84845,2,288946100,  צפי,B-0701,1,                                        
160308,84851,2,288946200,קאלמא,B-1102,1,                                        
160308,85842,1,288946300, מלאי,  מלאי,1,                                        
160308,90526,1,288946400, ירכא,C-4040,54,                                        
160308,92236,2,288946500, גולד,B-0301,1,                                        
160308,92245,2,288946600,אלומל,B-1101,1,                                        
160308,92258,2,288946700,  צפי,B-0701,1,                                        
160308,92744,2,288946900,רומקל,A-1001,1,                                        
160308,92752,2,288947000,אלומל,B-1101,1,                                        
160308,92809,2,288947100,לב פת,B-1001,1,                                        
160308,92819,2,288947200,לב פת,B-1001,1,                                        
160308,92939,2,288947300,רומקל,A-1001,1,                                        
160308,92944,2,288947400,אלומל,B-1101,1,                                        
160308,93114,2,288947500, איטח,B-0201,1,                                        
160308,93126,2,288947600,רומקל,A-1001,1,                                        
160308,93137,2,288947700,אלומל,B-1101,1,                                        
160308,93907,1,288947800, מלאי,  מלאי,1,                                        
160308,94447,2,288947900, גולד,B-0301,1,                                        
160308,94453,2,288948000,קאלמא,B-1102,1,                                        
160308,94510,2,288948100, גולד,B-0301,1,                                        
160308,94918,1,288948200, מלאי,  מלאי,14,                                        
160308,95038,2,288948300,אלומל,B-1101,1,                                        
160308,95045,2,288948400, איטח,A-0805,1,                                        
160308,95100,2,288948500, גולד,B-0301,1,                                        
160308,95104,2,288948600,קאלמא,B-1102,1,                                        
160308,95449,1,288948700, .א.ת,C-2727,16,                                        
160308,95502,1,288948800,קוסטי,C-0301,14,                                        
160308,95624,2,288948900,רומקל,A-1001,1,                                        
160308,95629,2,288949000,אורבך,  בחוץ,1,                                        
160308,95644,2,288949100,קאלמא,B-1102,1,                                        
160308,95652,2,288949200,אלומל,B-1101,1,                                        
160308,100415,1,288949300,  נאה,D-1101,1,                                        
160308,100430,2,288949400,אורבך,B-0503,1,                                        
160308,100438,2,288949500,אורבך,B-0503,1,                                        
160308,100644,1,288949600,אורבך,  בחוץ,54,                                        
160308,102017,1,288949700,אורבך,  בחוץ,7,                                        
160308,102307,3,288949800,כל.חן,  בחוץ,1,                                        
160308,102447,2,288949900, איטח,A-0805,1,                                        
160308,102454,2,288950000,אלומל,B-0601,16,                                        
160308,102508,2,288950100,רומקל,A-1001,1,                                        
160308,102515,2,288950200,רומקל,A-1001,1,                                        
160308,102538,2,288950300,רעננה,A-0601,1,                                        
160308,102550,2,288950400, איטח,B-0201,1,                                        
160308,102601,2,288950500,אורבך,R-0505,1,                                        
160308,102910,3,288950600, מלאי,  מלאי,1,                                        
160308,104217,2,288950700,רומקל,A-1001,1,                                        
160308,104227,2,288950800, גולד,B-0301,1,                                        
160308,104259,2,288950900,רעננה,A-0601,1,                                        
160308,104309,2,288951000, גולד,B-0301,1,                                        
160308,104322,2,288951100,אלומל,B-0601,16,                                        
160308,104333,2,288951200, גולד,B-0301,1,                                        
160308,104336,2,288951300,אלומל,B-0601,16,                                        
160308,104351,2,288951400, גולד,B-0301,1,                                        
160308,104359,2,288951500,אלומל,B-0601,16,                                        
160308,104707,2,288951600,אלומל,B-1101,1,                                        
160308,104715,2,288951700,אורבך,R-0505,1,                                        
160308,105027,2,288951800,אלומל,B-1101,1,                                        
160308,105034,2,288951900,אלומל,B-1101,1,                                        
160308,105049,2,288952000,אלומל,B-1101,1,                                        
160308,105101,2,288952100,  צפי,B-0701,1,                                        
160308,105110,2,288952200,  פ.ה,A-1102,1,                                        
160308,105122,2,288952300, גולד,B-0301,1,                                        
160308,105131,2,288952400,אלומל,B-0601,16,                                        
160308,105148,2,288952500,  שפר,A-0901,1,                                        
160308,105207,1,288952600, מלאי,  מלאי,1,                                        
160308,105234,3,288952700,כל.חן,  בחוץ,1,                                        
160308,105536,3,288952800,כל.חן,  בחוץ,1,                                        
160308,105617,2,288952900,רומקל,A-1001,1,                                        
160308,105626,2,288953000, איטח,B-0201,1,                                        
160308,105745,3,288953100,אלומל,  בחוץ,16,                                        
160308,105921,2,288953200,רעננה,A-0601,1,                                        
160308,105930,2,288953300,לב פת,B-1001,1,                                        
160308,110454,1,288953400, מלאי,  מלאי,1,                                        
160308,110605,2,288953500,רעננה,A-0601,1,                                        
160308,110610,2,288953600,רעננה,A-0601,1,                                        
160308,110629,2,288953700,אורבך,B-0302,1,                                        
160308,110633,2,288953800,אלומל,B-0502,16,                                        
160308,110655,2,288953900,אורבך,B-0302,1,                                        
160308,110709,2,288954000,  צפי,B-0701,1,                                        
160308,110716,2,288954100,אלומל,B-0601,16,                                        
160308,111917,1,288954200, מלאי,  מלאי,1,                                        
160308,112326,2,288954300,.מחסן,  בחוץ,16,                                        
160308,113312,3,288954400, מלאי,  מלאי,1,                                        
160308,114215,1,288954500,אלומל,  בחוץ,14,                                        
160308,122232,2,288954600,אורבך,B-0302,1,                                        
160308,122238,2,288954700,  צפי,B-0701,1,                                        
160308,122252,2,288954800,אלומל,B-0601,16,                                        
160308,122259,2,288954900,אלומל,B-0601,16,                                        
160308,122313,2,288955000,אורבך,B-0302,1,                                        
160308,122324,2,288955100,אורבך,B-0302,1,                                        
160308,122333,2,288955200,קאלמא,B-1102,1,                                        
160308,122346,2,288955300,אלומל,B-0601,16,                                        
160308,122350,2,288955400, איטח,B-0201,1,                                        
160308,122404,2,288955500,  צפי,B-0701,1,                                        
160308,122408,2,288955600,אלומל,B-0601,16,                                        
160308,122422,2,288955700,אורבך,B-0302,1,                                        
160308,122431,2,288955800,  צפי,B-0701,1,                                        
160308,122445,2,288955900,אלומל,B-0601,16,                                        
160308,122457,2,288956000,אלומל,B-0601,16,                                        
160308,122758,1,288956100, מלאי,  מלאי,1,                                        
160308,122831,3,288956200, מלאי,  מלאי,1,                                        
160308,123025,2,288956300,אורבך,B-0302,1,                                        
160308,123041,2,288956400,  צפי,B-0701,1,                                        
160308,123049,2,288956500,  צפי,B-0701,1,                                        
160308,123415,3,288956600, מלאי,  מלאי,14,                                        
160308,123614,1,288956700, סנטר,C-4444,10,                                        
160308,124534,3,288956800, מלאי,  מלאי,1,                                        
160308,124836,3,288956900, גולד,  בחוץ,1,                                        
160308,125052,1,288957000, מלאי,  מלאי,1,                                        
160308,130329,1,288957100, מלאי,  מלאי,1,                                        
160308,131422,2,288957200,רומקל,A-1001,1,                                        
160308,131427,2,288957300,  צפי,B-0701,1,                                        
160308,131440,2,288957400,צ.ח.י,B-0504,1,                                        
160308,131449,2,288957500,לב פת,B-1001,1,                                        
160308,131504,2,288957600,רומקל,A-1001,1,                                        
160308,131604,2,288957700,רומקל,A-1001,1,                                        
160308,131611,2,288957800, איטח,A-0805,1,                                        
160308,131620,2,288957900, גולד,B-0301,1,                                        
160308,131628,2,288958000,אלומל,B-1101,1,                                        
160308,131633,2,288958100, איטח,B-0201,1,                                        
160308,131911,2,288958200,רומקל,A-1001,1,                                        
160308,131925,2,288958300, גולד,B-0301,1,                                        
160308,131933,2,288958400,אלומל,B-1101,1,                                        
160308,132035,1,288958500,עמי.ת,  בחוץ,10,                                        
160308,132048,2,288958600, איטח,B-0201,1,                                        
160308,132056,3,288958700, מלאי,  מלאי,1,                                        
160308,132240,2,288958800,אלומל,  בחוץ,16,                                        
160308,132245,2,288958900,אלומל,B-1101,1,                                        
160308,132742,1,288959000, .א.ת,C-2727,16,                                        
160308,132957,2,288959100, איטח,A-0805,1,                                        
160308,133014,2,288959200,לב פת,B-1001,1,                                        
160308,133030,2,288959300,רומקל,A-1001,1,                                        
160308,133036,2,288959400,אלומל,B-1101,1,                                        
160308,133050,2,288959500,לב פת,B-1001,1,                                        
160308,133058,2,288959600,אורבך,B-0302,1,                                        
160308,133638,1,288959700,קוסטי,C-0301,14,                                        
160308,134323,3,288959800,כל.חן,  בחוץ,1,                                        
160308,134526,1,288959900,לתריס,  בחוץ,7,                                        
160308,141833,1,288960100, מלאי,  מלאי,14,                                        
160308,142008,2,288960200, מלאי,  מלאי,14,                                        
160308,142248,1,288960300, איטח,  בחוץ,54,                                        
160308,142356,2,288960400, מלאי,  מלאי,14,                                        
160308,143214,2,288960500,עמי.ת,C-1102,10,                                        
160308,145142,1,288960600, מלאי,  מלאי,1,                                        
160308,145830,1,288960700,עמי.ת,  בחוץ,10,                                        
160308,150048,2,288960800, מלאי,  מלאי,1,                                        
160308,150310,1,288960900, מלאי,  מלאי,1,                                        
160308,150851,1,288961000,כל קל,  בחוץ,1,                                        
160308,151037,2,288961100, גלרן,D-4242,1,                                        
160308,153125,1,288961200, מלאי,  מלאי,1,                                        
160308,153350,2,288961300, גלרן,D-4242,1,                                        
160308,153820,1,288961400,כל.חן,  בחוץ,1,                                        
160308,155914,2,288961500, מלאי,  מלאי,1,                                        
160308,155927,2,288961600, מלאי,  מלאי,0,                                        
160308,161106,2,288961700, מלאי,  מלאי,14,                                        
160308,161917,1,288961800,כל.חן,  בחוץ,1,                                        
160308,162034,2,288961900,רעננה,  בחוץ,1,                                        
160308,162657,2,288962000, מלאי,  מלאי,1,                                        
160308,162829,2,288962100, מלאי,  מלאי,2,                                        
160308,162854,2,288962200,אלומל,B-1001,16,                                        
160308,162905,2,288962300, מלאי,  מלאי,2,                                        
160308,163218,1,288962400,מריומ,  בחוץ,1,                                        
160308,164258,2,288962500, מלאי,  מלאי,1,                                        
160308,170608,2,288962600,אורבך,  בחוץ,1,                                        
160308,170624,2,288962700,לתריס,R-0202,1,                                        
160308,170639,2,288962800, איטח,  בחוץ,1,                                        
160308,170646,2,288962900,אלומל,G-0401,16,                                        
160308,170713,2,288963000,אלומל,G-0501,16,                                        
160308,170900,2,288963100, איטח,  בחוץ,1,                                        
160308,170909,2,288963200,אורבך,  בחוץ,1,                                        
160308,170918,2,288963300,לתריס,  בחוץ,1,                                        
160308,170932,2,288963400,אלומל,B-0701,16,                                        
160308,170944,2,288963500, מלאי,  מלאי,2,                                        
160308,171117,2,288963600,אלומל,G-0501,16,                                        
160308,171133,2,288963700, מלאי,  מלאי,2,                                        
160308,172512,1,288963800, מלאי,  מלאי,41,                                        
160308,172838,5,288963900,טרליד,  בחוץ,1,                                        
160308,172848,5,288964000, מלאי,  מלאי,1,                                        
160308,173412,1,288964100, מלאי,  מלאי,1,                                        
160308,182433,5,288964200, מלאי,  מלאי,14,                                        
160308,183328,5,288964300, מלאי,  מלאי,1,                                        
160308,184134,5,288964400, סקיי,  בחוץ,1,                                        
160308,185632,5,288964500, מלאי,  מלאי,1,                                        
160308,191346,1,288964600, מלאי,  מלאי,14,                                        
160308,192042,5,288964700, איטח,  בחוץ,7,                                        
160308,192701,2,288964800,אלומל,G-0501,16,                                        
160308,192721,2,288964900, מלאי,  מלאי,2,                                        
160308,192754,2,288965000,לתריס,B-1101,1,                                        
160308,192812,2,288965100,אורבך,  בחוץ,1,                                        
160308,192838,2,288965200,אלומל,B-0105,16,                                        
160308,194915,2,288965300, מלאי,  מלאי,2,                                        
160308,194927,2,288965400, מלאי,  מלאי,2,                                        
160308,200002,5,288965500, איטח,D-1101,7,                                        
160308,200011,5,288965600, איטח,D-1001,54,                                        
160308,200823,1,288965700, מלאי,  מלאי,14,                                        
160308,202523,5,288965800, מלאי,  מלאי,14,                                        
160308,202837,5,288965900, מלאי,  מלאי,1,                                        
160308,202948,2,288966000, ירכא,  בחוץ,1,                                        
160308,204948,2,288966100,  שפר,  בחוץ,1,                                        
160308,205352,1,288966200,כל.חן,  בחוץ,1,                                        
160308,210729,2,288966300, מלאי,  מלאי,2,                                        
160308,210948,1,288966400,עמי.ת,  בחוץ,10,                                        
160308,211946,1,288966500, מלאי,  מלאי,1,                                        
160308,213032,1,288966600, מלאי,  מלאי,1,                                        
160308,213412,1,288966700, מלאי,  מלאי,0,                                        
160308,214246,2,288966800,אלומל,B-0701,16,                                        
160308,220959,2,288966900, מלאי,  מלאי,2,                                        
160308,221155,1,288967000,  שפר,  בחוץ,2,                                        
160308,221207,1,288967100,  שפר,  בחוץ,2,                                        
160308,221222,1,288967200,  שפר,  בחוץ,2,                                        
160308,221321,2,288967300, איטח,B-0503,1,                                        
160308,221335,2,288967400,אלומל,G-0301,16,                                        
160308,221351,2,288967500, מלאי,  מלאי,2,                                        
160308,222229,1,288967600, מלאי,  מלאי,1,                                        
160308,223220,2,288967700,אלומל,G-0101,16,                                        
160308,223233,2,288967800, מלאי,  מלאי,2,                                        
160308,223306,2,288967900, מלאי,  מלאי,2,                                        
160308,223340,2,288968000,אלומל,G-0601,16,                                        
160308,223348,2,288968100, מלאי,  מלאי,2,                                        
160308,223423,2,288968200,אלומל,B-0201,16,                                        
160308,223432,2,288968300, מלאי,  מלאי,2,                                        
160308,223456,2,288968400,אלומל,G-0201,16,                                        
160308,223505,2,288968500, מלאי,  מלאי,2,                                        
160308,223531,2,288968600, מלאי,  מלאי,2,                                        
160308,223548,2,288968700, מלאי,  מלאי,2,                                        
160308,224910,1,288968800, מלאי,  מלאי,1,                                        
160308,231123,1,288968900, מלאי,  מלאי,1,                                        
160308,233208,2,288969000,אלומל,G-0201,16,                                        
160308,233224,2,288969100, מלאי,  מלאי,2,                                        
160308,233247,2,288969200,אלומל,G-0102,16,                                        
160308,233255,2,288969300, מלאי,  מלאי,2,                                        
160308,233316,2,288969400, מלאי,  מלאי,2,                                        
160308,233422,2,288969500,אלומל,G-0102,16,                                        
160308,233800,1,288969600, מלאי,  מלאי,1,                                        
160308,233951,1,288969700, מלאי,  מלאי,0,                                        
160308,234024,1,288969800, מלאי,  מלאי,14,                                        
160308,234041,1,288969900, סנטר,C-4444,10,                                        
160308,234055,1,288970000,אלומל,  בחוץ,7,                                        
160308,234111,1,288970100, איטח,  בחוץ,1,                                        
160308,234120,1,288970200, מלאי,  מלאי,1,                                        
160308,235710,1,288970300, מלאי,  מלאי,14,                                        
160308,235736,1,288970400,אלומל,  בחוץ,16,                                        
160309,2748,1,288970500, מלאי,  מלאי,1,                                        
160309,3922,1,288970600,טרליד,  בחוץ,1,                                        
160309,4716,1,288970700,טרליד,  בחוץ,1,                                        
160309,5414,2,288970800, מלאי,  מלאי,2,                                        
160309,5635,1,288970900,טרליד,  בחוץ,1,                                        
160309,10456,2,288971000, מלאי,  מלאי,2,                                        
160309,10510,2,288971100, מלאי,  מלאי,2,                                        
160309,10526,2,288971200,אלומל,  בחוץ,16,                                        
160309,10542,2,288971300,אלומל,  בחוץ,16,                                        
160309,10618,2,288971400, איטח,  בחוץ,1,                                        
160309,10643,2,288971500,  פ.ה,  בחוץ,1,                                        
160309,10650,2,288971600, מלאי,  מלאי,2,                                        
160309,10813,1,288971700,טרליד,  בחוץ,1,                                        
160309,11653,1,288971800,טרליד,  בחוץ,1,                                        
160309,12752,1,288971900, מלאי,  מלאי,1,                                        
160309,13530,1,288972000, מלאי,  מלאי,1,                                        
160309,13553,1,288972100, מלאי,  מלאי,14,                                        
160309,13900,2,288972200,אלומל,R-0202,16,                                        
160309,14620,1,288972300,  פ.ה,A-1102,1,                                        
160309,14907,2,288972400, מלאי,  מלאי,2,                                        
160309,15636,1,288972500, מלאי,  מלאי,1,                                        
160309,23257,2,288972600, מלאי,  מלאי,2,                                        
160309,23309,2,288972700, מלאי,  מלאי,2,                                        
160309,24109,1,288972800, מלאי,  מלאי,1,                                        
160309,24753,2,288972900,אלומל,R-0202,16,                                        
160309,30208,2,288973000, מלאי,  מלאי,2,                                        
160309,30857,2,288973100, מלאי,  מלאי,2,                                        
160309,30913,2,288973200, מלאי,  מלאי,2,                                        
160309,31058,1,288973300, מלאי,  מלאי,14,                                        
160309,31654,2,288973400, איטח,A-0505,1,                                        
160309,31706,2,288973500,לב פת,A-1502,1,                                        
160309,31715,2,288973600, מלאי,  מלאי,2,                                        
160309,31737,2,288973700,לתריס,B-1101,1,                                        
160309,31750,2,288973800, בליס,A-1501,1,                                        
160309,31759,2,288973900, מלאי,  מלאי,2,                                        
160309,31820,2,288974000,אלומל,B-0702,16,                                        
160309,31830,2,288974100, מלאי,  מלאי,2,                                        
160309,31853,2,288974200,אלומל,B-0601,16,                                        
160309,31902,2,288974300, מלאי,  מלאי,2,                                        
160309,31920,2,288974400, מלאי,  מלאי,2,                                        
160309,31941,2,288974500,רעננה,  בחוץ,1,                                        
160309,31953,2,288974600, מלאי,  מלאי,2,                                        
160309,32009,2,288974700,אלומל,R-0202,16,                                        
160309,33409,1,288974800, מלאי,  מלאי,14,                                        
160309,33430,1,288974900, מלאי,  מלאי,0,                                        
160309,33514,1,288975000, מלאי,  מלאי,14,                                        
160309,35717,1,288975100, מלאי,  מלאי,1,                                        
160309,40016,2,288975200, איטח,B-1201,1,                                        
160309,40025,2,288975300, מלאי,  מלאי,2,                                        
160309,40105,2,288975400,אלומל,R-0202,16,                                        
160309,40116,2,288975500, מלאי,  מלאי,2,                                        
160309,40200,2,288975600, מלאי,  מלאי,2,                                        
160309,40224,2,288975700,אלומל,R-0202,16,                                        
160309,40232,2,288975800, מלאי,  מלאי,2,                                        
160309,41230,1,288975900, מלאי,  מלאי,1,                                        
160309,43025,2,288976000,אורבך,B-1102,1,                                        
160309,43041,2,288976100, מלאי,  מלאי,2,                                        
160309,43922,1,288976200, מלאי,  מלאי,1,                                        
160309,45117,2,288976300,אלומל,A-0302,16,                                        
160309,45124,2,288976400, מלאי,  מלאי,2,                                        
160309,45146,2,288976500, איטח,B-0701,1,                                        
160309,45155,2,288976600, מלאי,  מלאי,2,                                        
160309,45228,2,288976700, מלאי,  מלאי,2,                                        
160309,45248,2,288976800, איטח,A-0505,1,                                        
160309,45356,1,288976900, מלאי,  מלאי,1,                                        
160309,45942,2,288977000, מלאי,  מלאי,2,                                        
160309,50654,1,288977100, מלאי,  מלאי,1,                                        
160309,50919,1,288977200, מלאי,  מלאי,0,                                        
160309,50959,1,288977300, מלאי,  מלאי,14,                                        
160309,51016,1,288977400, איטח,D-1201,1,                                        
160309,51855,2,288977500,אלומל,B-0601,16,                                        
160309,51906,2,288977600, מלאי,  מלאי,2,                                        
160309,51946,2,288977700,  צפי,  בחוץ,1,                                        
160309,51958,2,288977800,אלומל,  בחוץ,16,                                        
160309,52013,2,288977900,אלומל,R-0202,16,                                        
160309,52022,2,288978000, מלאי,  מלאי,2,                                        
160309,52131,1,288978100, מלאי,  מלאי,1,                                        
160309,53140,1,288978200, מלאי,  מלאי,1,                                        
160309,54535,1,288978300, מלאי,  מלאי,1,                                        
160309,61330,2,288978400,אורבך,  בחוץ,1,                                        
160309,61338,2,288978500,לתריס,  בחוץ,1,                                        
160309,61349,2,288978600,אלומל,G-0601,16,                                        
160309,61355,2,288978700, מלאי,  מלאי,2,                                        
160309,61419,2,288978800,אלומל,G-0601,16,                                        
160309,61613,2,288978900,אלומל,G-0601,16,                                        
160309,61739,2,288979000,אלומל,G-0601,16,                                        
160309,61809,1,288979100, מלאי,  מלאי,1,                                        
160309,62127,2,288979200,אלומל,A-0302,16,                                        
160309,62142,2,288979300,אלומל,A-0302,16,                                        
160309,62154,2,288979400,אלומל,R-0202,16,                                        
160309,62159,2,288979500, מלאי,  מלאי,2,                                        
160309,62240,2,288979600,אלומל,A-0302,16,                                        
160309,62252,2,288979700, מלאי,  מלאי,2,                                        
160309,62915,2,288979800, מלאי,  מלאי,2,                                        
160309,63242,1,288979900, מלאי,  מלאי,1,                                        
160309,63736,2,288980000,אלומל,A-0804,16,                                        
160309,63741,2,288980100, מלאי,  מלאי,2,                                        
160309,63833,2,288980200,אלומל,A-0302,16,                                        
160309,63841,2,288980300, איטח,A-1303,1,                                        
160309,63900,2,288980400,אלומל,A-0302,16,                                        
160309,63915,2,288980500, מלאי,  מלאי,2,                                        
160309,63933,2,288980600, מלאי,  מלאי,2,                                        
160309,63954,2,288980700,לב פת,  בחוץ,1,                                        
160309,63959,2,288980800, בליס,  בחוץ,1,                                        
160309,64038,2,288980900,אלומל,R-0202,16,                                        
160309,64047,2,288981000, מלאי,  מלאי,2,                                        
160309,64616,1,288981100, מלאי,  מלאי,1,                                        
160309,70018,1,288981200, מלאי,  מלאי,1,                                        
160309,71704,5,288981300,  שפר,  בחוץ,2,                                        
160309,71955,1,288981400, מלאי,  מלאי,1,                                        
160309,72459,1,288981500, סנטר,C-4444,10,                                        
160309,72745,1,288981600,קוסטי,C-0901,16,                                        
160309,73108,1,288981700,עמי.ת,  בחוץ,14,                                        
160309,73117,1,288981800,אלומל,  בחוץ,16,                                        
160309,73210,1,288981900, מלאי,  מלאי,1,                                        
160309,81013,1,288982000, מלאי,  מלאי,1,                                        
160309,81836,1,288982100, סנטר,C-4444,10,                                        
160309,82017,5,288982200,  שפר,D-1204,2,                                        
160309,82459,1,288982300, מלאי,  מלאי,1,                                        
